{
  // See https://go.microsoft.com/fwlink/?LinkId=733558
  // for the documentation about the tasks.json format
  "version": "2.0.0",
  "tasks": [
    {
      "label": "installTests",
      "type": "shell",
      "command": "./install",
      "args": [
        "tests"
      ],
      "group": {
        "kind": "build"
      },
      "problemMatcher": []
    },
    {
      "label": "installAll",
      "type": "shell",
      "command": "./install",
      "args": [
        "all"
      ],
      "group": {
        "kind": "build",
        "isDefault": true
      }
    }
  ]
}
